Flood watch,SW46.9L,,,
YYYY-MM-DD HH:MM:SS,Bahadurabad,13.16,date num,
1/1/2021 6:00,13.19,13.15,1,0
1/1/2021 9:00,13.19,13.122,2,0
1/1/2021 18:00,13.17,13.096,3,0
1/2/2021 6:00,13.16,13.072,4,0
1/2/2021 9:00,13.16,13.032,5,0
1/2/2021 12:00,13.16,12.998,6,0
1/2/2021 15:00,13.16,12.974,7,0
1/2/2021 18:00,13.16,12.966,8,0
1/3/2021 6:00,13.15,12.954,9,0
1/3/2021 9:00,13.15,12.934,10,0
1/3/2021 12:00,13.15,12.92,11,0
1/3/2021 15:00,13.15,12.914,12,0
1/3/2021 18:00,13.15,12.906,13,0
1/4/2021 6:00,13.13,12.89,14,0
1/4/2021 9:00,13.13,12.886,15,0
1/4/2021 12:00,13.12,12.874,16,0
1/4/2021 15:00,13.12,12.854,17,0
1/4/2021 18:00,13.11,12.84,18,0
1/5/2021 6:00,13.1,12.82,19,0
1/5/2021 9:00,13.1,12.806,20,0
1/5/2021 12:00,13.1,12.79,,0
1/5/2021 15:00,13.09,12.784,,0
1/5/2021 18:00,13.09,12.776,,0
1/6/2021 6:00,13.08,12.76,,0
1/6/2021 9:00,13.08,12.756,,0
1/6/2021 12:00,13.07,12.75,,0
1/6/2021 15:00,13.07,12.74,,0
1/6/2021 18:00,13.06,12.726,,0
1/7/2021 6:00,13.04,12.72,,0
1/7/2021 9:00,13.04,12.702,,0
1/7/2021 12:00,13.03,12.674,,0
1/7/2021 15:00,13.03,12.656,,0
1/7/2021 18:00,13.02,12.636,,0
1/8/2021 6:00,13.01,12.604,,0
1/8/2021 9:00,13,12.586,,0
1/8/2021 12:00,13,12.566,,0
1/8/2021 15:00,12.99,12.552,,0
1/8/2021 18:00,12.99,12.52,,0
1/9/2021 6:00,12.98,12.48,,0
1/9/2021 9:00,12.98,12.466,,0
1/9/2021 12:00,12.97,12.446,,0
1/9/2021 15:00,12.97,12.432,,0
1/9/2021 18:00,12.97,12.408,,0
1/10/2021 6:00,12.97,12.39,,0
1/10/2021 9:00,12.97,12.378,,0
1/10/2021 12:00,12.97,12.36,,0
1/10/2021 15:00,12.96,12.346,,0
1/10/2021 18:00,12.96,12.33,,0
1/11/2021 6:00,12.96,12.32,,0
1/11/2021 9:00,12.96,12.31,,0
1/11/2021 12:00,12.95,12.3,,0
1/11/2021 15:00,12.95,12.284,,0
1/11/2021 18:00,12.95,12.266,,0
1/12/2021 6:00,12.94,12.25,,0
1/12/2021 9:00,12.94,12.25,,0
1/12/2021 12:00,12.93,12.25,,0
1/12/2021 15:00,12.93,12.24,,0
1/12/2021 18:00,12.93,12.24,,0
1/13/2021 6:00,12.92,12.226,,0
1/13/2021 9:00,12.92,12.22,,0
1/13/2021 12:00,12.92,12.21,,0
1/13/2021 15:00,12.92,12.212,,0
1/13/2021 18:00,12.92,12.22,,0
1/14/2021 6:00,12.92,12.248,,0
1/14/2021 9:00,12.92,12.27,,0
1/14/2021 12:00,12.91,12.292,,0
1/14/2021 15:00,12.91,12.318,,0
1/14/2021 18:00,12.91,12.366,,0
1/15/2021 6:00,12.91,12.408,,0
1/15/2021 9:00,12.91,12.472,,0
1/15/2021 12:00,12.91,12.49,,0
1/15/2021 15:00,12.9,12.462,,0
1/15/2021 18:00,12.9,12.44,,0
1/16/2021 6:00,12.89,12.432,,0
1/16/2021 9:00,12.89,12.466,,0
1/16/2021 12:00,12.89,12.47,,0
1/16/2021 15:00,12.89,12.442,,0
1/16/2021 18:00,12.89,12.42,,0
1/17/2021 6:00,12.89,12.42,,0
1/17/2021 9:00,12.89,12.424,,0
1/17/2021 12:00,12.89,12.448,,0
1/17/2021 15:00,12.88,12.47,,0
1/17/2021 18:00,12.88,12.444,,0
1/18/2021 6:00,12.88,12.43,,0
1/18/2021 9:00,12.88,12.43,,0
1/18/2021 12:00,12.87,12.44,,0
1/18/2021 15:00,12.87,12.456,,0
1/18/2021 18:00,12.87,12.502,,0
1/19/2021 6:00,12.86,12.544,,0
1/19/2021 9:00,12.86,12.56,,0
1/19/2021 12:00,12.85,12.55,,0
1/19/2021 15:00,12.85,12.54,,0
1/19/2021 18:00,12.85,12.566,,0
1/20/2021 6:00,12.84,12.592,,0
1/20/2021 9:00,12.84,12.61,,0
1/20/2021 12:00,12.84,12.62,,0
1/20/2021 15:00,12.84,12.666,,0
1/20/2021 18:00,12.84,12.766,,0
1/21/2021 6:00,12.83,12.88,,0
1/21/2021 9:00,12.83,12.96,,0
1/21/2021 12:00,12.82,12.96,,0
1/21/2021 15:00,12.81,12.912,,0
1/21/2021 18:00,12.81,12.886,,0
1/22/2021 6:00,12.81,12.838,,0
1/22/2021 9:00,12.81,12.826,,0
1/22/2021 12:00,12.81,12.872,,0
1/22/2021 15:00,12.8,13.042,,0
1/22/2021 18:00,12.8,13.314,,0
1/23/2021 6:00,12.79,13.436,,0
1/23/2021 9:00,12.79,13.472,,0
1/23/2021 12:00,12.79,13.42,,0
1/23/2021 15:00,12.79,13.368,,0
1/23/2021 18:00,12.79,13.33,,0
1/24/2021 6:00,12.79,13.322,,0
1/24/2021 9:00,12.79,13.33,,0
1/24/2021 12:00,12.78,13.348,,0
1/24/2021 15:00,12.78,13.426,,0
1/24/2021 18:00,12.78,13.454,,0
1/25/2021 6:00,12.78,13.488,,0
1/25/2021 9:00,12.78,13.5,,0
1/25/2021 12:00,12.78,13.5,,0
1/25/2021 15:00,12.77,13.482,,0
1/25/2021 18:00,12.77,13.46,,0
1/26/2021 6:00,12.76,13.45,,0
1/26/2021 9:00,12.76,13.45,,0
1/26/2021 12:00,12.76,13.5,,0
1/26/2021 15:00,12.76,13.548,,0
1/26/2021 18:00,12.76,13.562,,0
1/27/2021 6:00,12.76,13.61,,0
1/27/2021 9:00,12.76,13.64,,0
1/27/2021 12:00,12.76,13.694,,0
1/27/2021 15:00,12.75,13.774,,0
1/27/2021 18:00,12.75,14.074,,0
1/28/2021 6:00,12.75,14.12,,0
1/28/2021 9:00,12.75,14.21,,0
1/28/2021 12:00,12.75,14.26,,0
1/28/2021 15:00,12.75,14.274,,0
1/28/2021 18:00,12.75,14.428,,0
1/29/2021 6:00,12.74,14.702,,0
1/29/2021 9:00,12.74,14.818,,0
1/29/2021 12:00,12.74,14.84,,0
1/29/2021 15:00,12.74,14.836,,0
1/29/2021 18:00,12.74,15.388,,0
1/30/2021 6:00,12.73,15.978,,0
1/30/2021 9:00,12.73,16.206,,0
1/30/2021 12:00,12.73,16.174,,0
1/30/2021 15:00,12.72,16.234,,0
1/30/2021 18:00,12.72,16.226,,0
1/31/2021 6:00,12.72,16.168,,0
1/31/2021 9:00,12.72,16.128,,0
1/31/2021 12:00,12.72,16.232,,0
1/31/2021 15:00,12.72,16.282,,0
1/31/2021 18:00,12.72,16.22,,0
2/1/2021 6:00,12.71,16.192,,0
2/1/2021 9:00,12.71,16.266,,0
2/1/2021 12:00,12.7,16.464,,0
2/1/2021 15:00,12.7,16.77,,0
2/1/2021 18:00,12.69,17.088,,0
2/2/2021 6:00,12.68,17.306,,0
2/2/2021 9:00,12.68,17.276,,0
2/2/2021 12:00,12.67,17.23,,0
2/2/2021 15:00,12.67,17.304,,0
2/2/2021 18:00,12.67,17.358,,0
2/3/2021 6:00,12.66,17.296,,0
2/3/2021 9:00,12.66,17.058,,0
2/3/2021 12:00,12.66,16.998,,0
2/3/2021 15:00,12.65,16.99,,0
2/3/2021 18:00,12.65,17.036,,0
2/4/2021 6:00,12.64,17.124,,0
2/4/2021 9:00,12.64,17.154,,0
2/4/2021 12:00,12.64,17.192,,0
2/4/2021 15:00,12.63,17.11,,0
2/4/2021 18:00,12.63,17.024,,0
2/5/2021 6:00,12.61,17.062,,0
2/5/2021 9:00,12.61,17.098,,0
2/5/2021 12:00,12.6,17.164,,0
2/5/2021 15:00,12.6,17.27,,0
2/5/2021 18:00,12.6,17.524,,0
2/6/2021 6:00,12.59,17.948,,0
2/6/2021 9:00,12.59,18.236,,0
2/6/2021 12:00,12.59,18.258,,0
2/6/2021 15:00,12.58,18.346,,0
2/6/2021 18:00,12.58,18.66,,0
2/7/2021 6:00,12.57,18.864,,0
2/7/2021 9:00,12.57,18.89,,0
2/7/2021 12:00,12.57,18.882,,0
2/7/2021 15:00,12.56,18.852,,0
2/7/2021 18:00,12.56,18.854,,0
2/8/2021 6:00,12.56,18.768,,0
2/8/2021 9:00,12.56,18.588,,0
2/8/2021 12:00,12.55,18.462,,0
2/8/2021 15:00,12.55,18.398,,0
2/8/2021 18:00,12.54,18.3,,0
2/9/2021 6:00,12.53,18.328,,0
2/9/2021 9:00,12.53,18.45,,0
2/9/2021 12:00,12.52,18.566,,0
2/9/2021 15:00,12.51,18.584,,0
2/9/2021 18:00,12.51,18.514,,0
2/10/2021 6:00,12.49,18.408,,0
2/10/2021 9:00,12.49,18.288,,0
2/10/2021 12:00,12.48,18.22,,0
2/10/2021 15:00,12.47,18.108,,0
2/10/2021 18:00,12.47,17.98,,0
2/11/2021 6:00,12.47,17.814,,0
2/11/2021 9:00,12.47,17.662,,0
2/11/2021 12:00,12.47,17.506,,0
2/11/2021 15:00,12.46,17.434,,0
2/11/2021 18:00,12.46,17.416,,0
2/12/2021 6:00,12.45,17.422,,0
2/12/2021 9:00,12.45,17.454,,0
2/12/2021 12:00,12.45,17.55,,0
2/12/2021 15:00,12.44,17.594,,0
2/12/2021 18:00,12.44,17.594,,0
2/13/2021 6:00,12.44,17.694,,0
2/13/2021 9:00,12.44,17.766,,0
2/13/2021 12:00,12.43,17.752,,0
2/13/2021 15:00,12.43,17.712,,0
2/13/2021 18:00,12.42,17.544,,0
2/14/2021 6:00,12.41,17.338,,0
2/14/2021 9:00,12.41,17.284,,0
2/14/2021 12:00,12.41,17.178,,0
2/14/2021 15:00,12.41,17.112,,0
2/14/2021 18:00,12.4,17.284,,0
2/15/2021 6:00,12.39,17.52,,0
2/15/2021 9:00,12.39,17.83,,0
2/15/2021 12:00,12.39,18.134,,0
2/15/2021 15:00,12.39,18.324,,0
2/15/2021 18:00,12.39,18.546,,0
2/16/2021 6:00,12.38,18.754,,0
2/16/2021 9:00,12.38,18.936,,0
2/16/2021 12:00,12.38,19.026,,0
2/16/2021 15:00,12.38,19.038,,0
2/16/2021 18:00,12.37,19.01,,0
2/17/2021 6:00,12.36,19.044,,0
2/17/2021 9:00,12.36,19.214,,0
2/17/2021 12:00,12.36,19.35,,0
2/17/2021 15:00,12.36,19.474,,0
2/17/2021 18:00,12.36,19.602,,0
2/18/2021 6:00,12.35,19.632,,0
2/18/2021 9:00,12.35,19.748,,0
2/18/2021 12:00,12.35,19.898,,0
2/18/2021 15:00,12.34,20.04,,0
2/18/2021 18:00,12.34,20.128,,0
2/19/2021 6:00,12.33,20.104,,0
2/19/2021 9:00,12.33,19.914,,0
2/19/2021 12:00,12.33,19.582,,0
2/19/2021 15:00,12.33,19.236,,0
2/19/2021 18:00,12.33,19.002,,0
2/20/2021 6:00,12.32,18.848,,0
2/20/2021 9:00,12.32,18.704,,0
2/20/2021 12:00,12.32,18.532,,0
2/20/2021 15:00,12.32,18.444,,0
2/20/2021 18:00,12.32,18.334,,0
2/21/2021 6:00,12.31,18.238,,0
2/21/2021 9:00,12.31,18.1,,0
2/21/2021 12:00,12.31,17.944,,0
2/21/2021 15:00,12.31,17.758,,0
2/21/2021 18:00,12.31,17.628,,0
2/22/2021 6:00,12.3,17.49,,0
2/22/2021 9:00,12.3,17.414,,0
2/22/2021 12:00,12.3,17.378,,0
2/22/2021 15:00,12.3,17.302,,0
2/22/2021 18:00,12.3,17.204,,0
2/23/2021 6:00,12.29,17.14,,0
2/23/2021 9:00,12.29,17.106,,0
2/23/2021 12:00,12.28,16.966,,0
2/23/2021 15:00,12.28,16.78,,0
2/23/2021 18:00,12.28,16.604,,0
2/24/2021 6:00,12.27,16.474,,0
2/24/2021 9:00,12.27,16.388,,0
2/24/2021 12:00,12.27,16.336,,0
2/24/2021 15:00,12.26,16.292,,0
2/24/2021 18:00,12.26,16.226,,0
2/25/2021 6:00,12.25,16.228,,0
2/25/2021 9:00,12.25,16.464,,0
2/25/2021 12:00,12.25,16.638,,0
2/25/2021 15:00,12.25,16.566,,0
2/25/2021 18:00,12.25,16.438,,0
2/26/2021 6:00,12.25,16.356,,0
2/26/2021 9:00,12.25,16.344,,0
2/26/2021 12:00,12.25,16.33,,0
2/26/2021 15:00,12.25,16.28,,0
2/26/2021 18:00,12.25,16.138,,0
2/27/2021 6:00,12.25,15.99,,0
2/27/2021 9:00,12.25,15.828,,0
2/27/2021 12:00,12.25,15.684,,0
2/27/2021 15:00,12.25,15.558,,0
2/27/2021 18:00,12.25,15.434,,0
2/28/2021 6:00,12.24,15.328,,0
2/28/2021 9:00,12.24,15.284,,0
2/28/2021 12:00,12.24,15.928,,0
2/28/2021 15:00,12.24,16.658,,0
2/28/2021 18:00,12.24,16.37,,0
3/1/2021 6:00,12.24,16.012,,0
3/1/2021 9:00,12.24,15.832,,0
3/1/2021 12:00,12.24,15.86,,0
3/1/2021 15:00,12.24,16.082,,0
3/1/2021 18:00,12.24,16.374,,0
3/2/2021 6:00,12.23,16.378,,0
3/2/2021 9:00,12.23,16.136,,0
3/2/2021 12:00,12.23,15.848,,0
3/2/2021 15:00,12.22,15.638,,0
3/2/2021 18:00,12.22,15.462,,0
3/3/2021 6:00,12.22,15.308,,0
3/3/2021 9:00,12.22,15.162,,0
3/3/2021 12:00,12.22,15.044,,0
3/3/2021 15:00,12.22,14.938,,0
3/3/2021 18:00,12.22,14.83,,0
3/4/2021 6:00,12.21,14.746,,0
3/4/2021 9:00,12.21,14.672,,0
3/4/2021 12:00,12.21,14.586,,0
3/4/2021 15:00,12.21,14.514,,0
3/4/2021 18:00,12.21,14.442,,0
3/5/2021 6:00,12.21,14.388,,0
3/5/2021 9:00,12.21,14.332,,0
3/5/2021 12:00,12.21,14.27,,0
3/5/2021 15:00,12.21,14.198,,0
3/5/2021 18:00,12.22,14.162,,0
3/6/2021 6:00,12.22,14.132,,0
3/6/2021 9:00,12.22,14.08,,0
3/6/2021 12:00,12.22,14.038,,0
3/6/2021 15:00,12.22,13.996,,0
3/6/2021 18:00,12.22,13.96,,0
3/7/2021 6:00,12.24,13.912,,0
3/7/2021 9:00,12.24,13.874,,0
3/7/2021 12:00,12.25,13.856,,0
3/7/2021 15:00,12.25,13.81,,0
3/7/2021 18:00,12.26,13.772,,0
3/8/2021 6:00,12.27,13.746,,0
3/8/2021 9:00,12.27,13.726,,0
3/8/2021 12:00,12.27,13.704,,0
3/8/2021 15:00,12.27,13.678,,0
3/8/2021 18:00,12.27,13.646,,0
3/9/2021 6:00,12.28,13.612,,0
3/9/2021 9:00,12.29,13.58,,0
3/9/2021 12:00,12.29,13.556,,0
3/9/2021 15:00,12.3,13.502,,0
3/9/2021 18:00,12.3,13.452,,0
3/10/2021 6:00,12.31,13.416,,0
3/10/2021 9:00,12.31,13.386,,0
3/10/2021 12:00,12.32,13.356,,0
3/10/2021 15:00,12.32,13.332,,0
3/10/2021 18:00,12.33,13.292,,0
3/11/2021 6:00,12.35,13.226,,0
3/11/2021 9:00,12.36,13.218,,0
3/11/2021 12:00,12.37,13.206,,0
3/11/2021 15:00,12.37,13.096,,0
3/11/2021 18:00,12.38,13.024,,0
3/12/2021 6:00,12.39,13.006,,0
3/12/2021 9:00,12.39,12.984,,0
3/12/2021 12:00,12.4,12.952,,0
3/12/2021 15:00,12.42,12.92,,0
3/12/2021 18:00,12.44,12.906,,0
3/13/2021 6:00,12.46,12.884,,0
3/13/2021 9:00,12.46,12.85666667,,0
3/13/2021 12:00,12.47,,,0
3/13/2021 15:00,12.48,,,0
3/13/2021 18:00,12.49,,,0
3/14/2021 6:00,12.49,,,0
3/14/2021 9:00,12.49,,,0
3/14/2021 12:00,12.49,,,0
3/14/2021 15:00,12.49,,,0
3/14/2021 18:00,12.49,,,0
3/15/2021 6:00,12.47,,,0
3/15/2021 9:00,12.47,,,0
3/15/2021 12:00,12.46,,,0
3/15/2021 15:00,12.46,,,0
3/15/2021 18:00,12.45,,,0
3/16/2021 6:00,12.44,,,0
3/16/2021 9:00,12.44,,,0
3/16/2021 12:00,12.44,,,0
3/16/2021 15:00,12.44,,,0
3/16/2021 18:00,12.44,,,0
3/17/2021 6:00,12.43,,,0
3/17/2021 9:00,12.43,,,0
3/17/2021 12:00,12.43,,,0
3/17/2021 15:00,12.43,,,0
3/17/2021 18:00,12.44,,,0
3/18/2021 6:00,12.46,,,0
3/18/2021 9:00,12.46,,,0
3/18/2021 12:00,12.47,,,0
3/18/2021 15:00,12.47,,,0
3/18/2021 18:00,12.47,,,0
3/19/2021 6:00,12.47,,,0
3/19/2021 9:00,12.47,,,0
3/19/2021 12:00,12.47,,,0
3/19/2021 15:00,12.47,,,0
3/19/2021 18:00,12.47,,,0
3/20/2021 6:00,12.45,,,0
3/20/2021 9:00,12.45,,,0
3/20/2021 12:00,12.44,,,0
3/20/2021 15:00,12.44,,,0
3/20/2021 18:00,12.43,,,0
3/21/2021 6:00,12.42,,,0
3/21/2021 9:00,12.42,,,0
3/21/2021 12:00,12.42,,,0
3/21/2021 15:00,12.42,,,0
3/21/2021 18:00,12.42,,,0
3/22/2021 6:00,12.42,,,0
3/22/2021 9:00,12.42,,,0
3/22/2021 12:00,12.42,,,0
3/22/2021 15:00,12.42,,,0
3/22/2021 18:00,12.42,,,0
3/23/2021 6:00,12.42,,,0
3/23/2021 9:00,12.42,,,0
3/23/2021 12:00,12.42,,,0
3/23/2021 15:00,12.43,,,0
3/23/2021 18:00,12.43,,,0
3/24/2021 6:00,12.44,,,0
3/24/2021 9:00,12.44,,,0
3/24/2021 12:00,12.45,,,0
3/24/2021 15:00,12.45,,,0
3/24/2021 18:00,12.46,,,0
3/25/2021 6:00,12.47,,,0
3/25/2021 9:00,12.47,,,0
3/25/2021 12:00,12.47,,,0
3/25/2021 15:00,12.47,,,0
3/25/2021 18:00,12.47,,,0
3/26/2021 6:00,12.45,,,0
3/26/2021 9:00,12.45,,,0
3/26/2021 12:00,12.44,,,0
3/26/2021 15:00,12.44,,,0
3/26/2021 18:00,12.44,,,0
3/27/2021 6:00,12.43,,,0
3/27/2021 9:00,12.43,,,0
3/27/2021 12:00,12.43,,,0
3/27/2021 15:00,12.43,,,0
3/27/2021 18:00,12.43,,,0
3/28/2021 6:00,12.43,,,0
3/28/2021 9:00,12.43,,,0
3/28/2021 12:00,12.43,,,0
3/28/2021 15:00,12.43,,,0
3/28/2021 18:00,12.43,,,0
3/29/2021 6:00,12.44,,,0
3/29/2021 9:00,12.44,,,0
3/29/2021 12:00,12.44,,,0
3/29/2021 15:00,12.44,,,0
3/29/2021 18:00,12.44,,,0
3/30/2021 6:00,12.45,,,0
3/30/2021 9:00,12.45,,,0
3/30/2021 12:00,12.46,,,0
3/30/2021 15:00,12.46,,,0
3/30/2021 18:00,12.46,,,0
3/31/2021 6:00,12.49,,,0
3/31/2021 9:00,12.49,,,0
3/31/2021 12:00,12.5,,,0
3/31/2021 15:00,12.51,,,0
3/31/2021 18:00,12.52,,,0
4/1/2021 6:00,12.54,,,0
4/1/2021 9:00,12.54,,,0
4/1/2021 12:00,12.54,,,0
4/1/2021 15:00,12.54,,,0
4/1/2021 18:00,12.56,,,0
4/2/2021 6:00,12.56,,,0
4/2/2021 9:00,12.56,,,0
4/2/2021 12:00,12.56,,,0
4/2/2021 15:00,12.56,,,0
4/2/2021 18:00,12.56,,,0
4/3/2021 6:00,12.55,,,0
4/3/2021 9:00,12.55,,,0
4/3/2021 12:00,12.55,,,0
4/3/2021 15:00,12.55,,,0
4/3/2021 18:00,12.55,,,0
4/4/2021 6:00,12.54,,,0
4/4/2021 9:00,12.54,,,0
4/4/2021 12:00,12.54,,,0
4/4/2021 15:00,12.54,,,0
4/4/2021 18:00,12.54,,,0
4/5/2021 6:00,12.56,,,0
4/5/2021 9:00,12.56,,,0
4/5/2021 12:00,12.57,,,0
4/5/2021 15:00,12.57,,,0
4/5/2021 18:00,12.57,,,0
4/6/2021 6:00,12.58,,,0
4/6/2021 9:00,12.58,,,0
4/6/2021 12:00,12.59,,,0
4/6/2021 15:00,12.6,,,0
4/6/2021 18:00,12.61,,,0
4/7/2021 6:00,12.61,,,0
4/7/2021 9:00,12.61,,,0
4/7/2021 12:00,12.61,,,0
4/7/2021 15:00,12.61,,,0
4/7/2021 18:00,12.61,,,0
4/8/2021 6:00,12.62,,,0
4/8/2021 9:00,12.62,,,0
4/8/2021 12:00,12.62,,,0
4/8/2021 15:00,12.62,,,0
4/8/2021 18:00,12.62,,,0
4/9/2021 6:00,12.65,,,0
4/9/2021 9:00,12.66,,,0
4/9/2021 12:00,12.67,,,0
4/9/2021 15:00,12.67,,,0
4/9/2021 18:00,12.68,,,0
4/10/2021 6:00,12.72,,,0
4/10/2021 9:00,12.74,,,0
4/10/2021 12:00,12.77,,,0
4/10/2021 15:00,12.79,,,0
4/10/2021 18:00,12.81,,,0
4/11/2021 6:00,12.86,,,0
4/11/2021 9:00,12.87,,,0
4/11/2021 12:00,12.88,,,0
4/11/2021 15:00,12.89,,,0
4/11/2021 18:00,12.9,,,0
4/12/2021 6:00,12.94,,,0
4/12/2021 9:00,12.96,,,0
4/12/2021 12:00,12.96,,,0
4/12/2021 15:00,12.97,,,0
4/12/2021 18:00,12.97,,,0
4/13/2021 6:00,12.97,,,0
4/13/2021 9:00,12.97,,,0
4/13/2021 12:00,12.96,,,0
4/13/2021 15:00,12.95,,,0
4/13/2021 18:00,12.95,,,0
4/14/2021 6:00,12.93,,,0
4/14/2021 9:00,12.92,,,0
4/14/2021 12:00,12.91,,,0
4/14/2021 15:00,12.9,,,0
4/14/2021 18:00,12.9,,,0
4/15/2021 6:00,12.89,,,0
4/15/2021 9:00,12.89,,,0
4/15/2021 12:00,12.89,,,0
4/15/2021 15:00,12.88,,,0
4/15/2021 18:00,12.88,,,0
4/16/2021 6:00,12.85,,,0
4/16/2021 9:00,12.85,,,0
4/16/2021 12:00,12.84,,,0
4/16/2021 15:00,12.83,,,0
4/16/2021 18:00,12.82,,,0
4/17/2021 6:00,12.82,,,0
4/17/2021 9:00,12.82,,,0
4/17/2021 12:00,12.83,,,0
4/17/2021 15:00,12.83,,,0
4/17/2021 18:00,12.83,,,0
4/18/2021 6:00,12.86,,,0
4/18/2021 9:00,12.86,,,0
4/18/2021 12:00,12.87,,,0
4/18/2021 15:00,12.88,,,0
4/18/2021 18:00,12.89,,,0
4/19/2021 6:00,12.97,,,0
4/19/2021 9:00,12.98,,,0
4/19/2021 12:00,13.04,,,0
4/19/2021 15:00,13.09,,,0
4/19/2021 18:00,13.13,,,0
4/20/2021 6:00,13.27,,,0
4/20/2021 9:00,13.29,,,0
4/20/2021 12:00,13.31,,,0
4/20/2021 15:00,13.34,,,0
4/20/2021 18:00,13.36,,,0
4/21/2021 6:00,13.42,,,0
4/21/2021 9:00,13.43,,,0
4/21/2021 12:00,13.44,,,0
4/21/2021 15:00,13.44,,,0
4/21/2021 18:00,13.45,,,0
4/22/2021 6:00,13.46,,,0
4/22/2021 9:00,13.46,,,0
4/22/2021 12:00,13.47,,,0
4/22/2021 15:00,13.48,,,0
4/22/2021 18:00,13.49,,,0
4/23/2021 6:00,13.45,,,0
4/23/2021 9:00,13.44,,,0
4/23/2021 12:00,13.42,,,0
4/23/2021 15:00,13.4,,,0
4/23/2021 18:00,13.39,,,0
4/24/2021 6:00,13.38,,,0
4/24/2021 9:00,13.37,,,0
4/24/2021 12:00,13.37,,,0
4/24/2021 15:00,13.36,,,0
4/24/2021 18:00,13.36,,,0
4/25/2021 6:00,13.34,,,0
4/25/2021 9:00,13.34,,,0
4/25/2021 12:00,13.33,,,0
4/25/2021 15:00,13.32,,,0
4/25/2021 18:00,13.32,,,0
4/26/2021 6:00,13.32,,,0
4/26/2021 9:00,13.32,,,0
4/26/2021 12:00,13.32,,,0
4/26/2021 15:00,13.33,,,0
4/26/2021 18:00,13.32,,,0
4/27/2021 6:00,13.33,,,0
4/27/2021 9:00,13.33,,,0
4/27/2021 12:00,13.33,,,0
4/27/2021 15:00,13.33,,,0
4/27/2021 18:00,13.33,,,0
4/28/2021 6:00,13.34,,,0
4/28/2021 9:00,13.34,,,0
4/28/2021 12:00,13.35,,,0
4/28/2021 15:00,13.35,,,0
4/28/2021 18:00,13.36,,,0
4/29/2021 6:00,13.4,,,0
4/29/2021 9:00,13.41,,,0
4/29/2021 12:00,13.43,,,0
4/29/2021 15:00,13.44,,,0
4/29/2021 18:00,13.45,,,0
4/30/2021 6:00,13.45,,,0
4/30/2021 9:00,13.45,,,0
4/30/2021 12:00,13.45,,,0
4/30/2021 15:00,13.46,,,0
4/30/2021 18:00,13.46,,,0
5/1/2021 6:00,13.48,,,0
5/1/2021 9:00,13.48,,,0
5/1/2021 12:00,13.49,,,0
5/1/2021 15:00,13.49,,,0
5/1/2021 18:00,13.5,,,0
5/2/2021 6:00,13.5,,,0
5/2/2021 9:00,13.5,,,0
5/2/2021 12:00,13.5,,,0
5/2/2021 15:00,13.5,,,0
5/2/2021 18:00,13.5,,,0
5/3/2021 6:00,13.5,,,0
5/3/2021 9:00,13.5,,,0
5/3/2021 12:00,13.5,,,0
5/3/2021 15:00,13.5,,,0
5/3/2021 18:00,13.5,,,0
5/4/2021 6:00,13.49,,,0
5/4/2021 9:00,13.49,,,0
5/4/2021 12:00,13.48,,,0
5/4/2021 15:00,13.48,,,0
5/4/2021 18:00,13.47,,,0
5/5/2021 6:00,13.46,,,0
5/5/2021 9:00,13.46,,,0
5/5/2021 12:00,13.46,,,0
5/5/2021 15:00,13.46,,,0
5/5/2021 18:00,13.46,,,0
5/6/2021 6:00,13.45,,,0
5/6/2021 9:00,13.45,,,0
5/6/2021 12:00,13.45,,,0
5/6/2021 15:00,13.45,,,0
5/6/2021 18:00,13.45,,,0
5/7/2021 6:00,13.45,,,0
5/7/2021 9:00,13.45,,,0
5/7/2021 12:00,13.45,,,0
5/7/2021 15:00,13.45,,,0
5/7/2021 18:00,13.45,,,0
5/8/2021 6:00,13.48,,,0
5/8/2021 9:00,13.49,,,0
5/8/2021 12:00,13.5,,,0
5/8/2021 15:00,13.51,,,0
5/8/2021 18:00,13.52,,,0
5/9/2021 6:00,13.54,,,0
5/9/2021 9:00,13.54,,,0
5/9/2021 12:00,13.55,,,0
5/9/2021 15:00,13.55,,,0
5/9/2021 18:00,13.56,,,0
5/10/2021 6:00,13.56,,,0
5/10/2021 9:00,13.56,,,0
5/10/2021 12:00,13.56,,,0
5/10/2021 15:00,13.56,,,0
5/10/2021 18:00,13.57,,,0
5/11/2021 6:00,13.59,,,0
5/11/2021 9:00,13.6,,,0
5/11/2021 12:00,13.61,,,0
5/11/2021 15:00,13.62,,,0
5/11/2021 18:00,13.63,,,0
5/12/2021 6:00,13.64,,,0
5/12/2021 9:00,13.64,,,0
5/12/2021 12:00,13.64,,,0
5/12/2021 15:00,13.64,,,0
5/12/2021 18:00,13.64,,,0
5/13/2021 6:00,13.67,,,0
5/13/2021 9:00,13.68,,,0
5/13/2021 12:00,13.69,,,0
5/13/2021 15:00,13.71,,,0
5/13/2021 18:00,13.72,,,0
5/14/2021 6:00,13.74,,,0
5/14/2021 9:00,13.74,,,0
5/14/2021 12:00,13.75,,,0
5/14/2021 15:00,13.75,,,0
5/14/2021 18:00,13.89,,,0
5/15/2021 6:00,14.07,,,0
5/15/2021 9:00,14.07,,,0
5/15/2021 12:00,14.08,,,0
5/15/2021 15:00,14.09,,,0
5/16/2021 12:00,14.06,,,0
5/16/2021 15:00,14.08,,,0
5/16/2021 18:00,14.1,,,0
5/17/2021 6:00,14.13,,,0
5/17/2021 9:00,14.14,,,0
5/17/2021 12:00,14.15,,,0
5/17/2021 15:00,14.17,,,0
5/17/2021 18:00,14.18,,,0
5/18/2021 6:00,14.22,,,0
5/18/2021 9:00,14.23,,,0
5/18/2021 12:00,14.25,,,0
5/18/2021 15:00,14.26,,,0
5/18/2021 18:00,14.26,,,0
5/19/2021 6:00,14.26,,,0
5/19/2021 9:00,14.26,,,0
5/19/2021 12:00,14.26,,,0
5/19/2021 15:00,14.26,,,0
5/19/2021 18:00,14.26,,,0
5/20/2021 6:00,14.28,,,0
5/20/2021 9:00,14.28,,,0
5/20/2021 12:00,14.29,,,0
5/20/2021 15:00,14.31,,,0
5/20/2021 18:00,14.34,,,0
5/21/2021 6:00,14.46,,,0
5/21/2021 9:00,14.49,,,0
5/21/2021 12:00,14.54,,,0
5/21/2021 15:00,14.59,,,0
5/21/2021 18:00,14.63,,,0
5/22/2021 6:00,14.74,,,0
5/22/2021 9:00,14.77,,,0
5/22/2021 12:00,14.78,,,0
5/22/2021 15:00,14.78,,,0
5/22/2021 18:00,14.79,,,0
5/23/2021 6:00,14.83,,,0
5/23/2021 9:00,14.84,,,0
5/23/2021 12:00,14.85,,,0
5/23/2021 15:00,14.86,,,0
5/23/2021 18:00,14.86,,,0
5/24/2021 6:00,14.84,,,0
5/24/2021 9:00,14.83,,,0
5/24/2021 12:00,14.81,,,0
5/24/2021 15:00,14.8,,,0
5/24/2021 18:00,14.8,,,0
5/25/2021 6:00,14.83,,,0
5/25/2021 9:00,14.84,,,0
5/25/2021 12:00,14.91,,,0
5/25/2021 15:00,15.02,,,0
5/25/2021 18:00,15.14,,,0
5/26/2021 6:00,15.49,,,0
5/26/2021 9:00,15.6,,,0
5/26/2021 12:00,15.69,,,0
5/26/2021 15:00,15.78,,,0
5/26/2021 18:00,15.9,,,0
5/27/2021 6:00,16.05,,,0
5/27/2021 9:00,16.06,,,0
5/27/2021 12:00,16.1,,,0
5/27/2021 15:00,16.16,,,0
5/27/2021 18:00,16.21,,,0
5/28/2021 6:00,16.23,,,0
5/28/2021 9:00,16.23,,,0
5/28/2021 12:00,16.2,,,0
5/28/2021 15:00,16.17,,,0
5/28/2021 18:00,16.17,,,0
5/29/2021 6:00,16.17,,,0
5/29/2021 9:00,16.17,,,0
5/29/2021 12:00,16.19,,,0
5/29/2021 15:00,16.2,,,0
5/29/2021 18:00,16.22,,,0
5/30/2021 6:00,16.24,,,0
5/30/2021 9:00,16.25,,,0
5/30/2021 12:00,16.26,,,0
5/30/2021 15:00,16.27,,,0
5/30/2021 18:00,16.27,,,0
5/31/2021 6:00,16.2,,,0
5/31/2021 9:00,16.18,,,0
5/31/2021 12:00,16.21,,,0
5/31/2021 15:00,16.23,,,0
5/31/2021 18:00,16.22,,,0
6/1/2021 6:00,16.15,,,0
6/1/2021 9:00,16.13,,,0
6/1/2021 12:00,16.11,,,0
6/1/2021 15:00,16.1,,,0
6/1/2021 18:00,16.09,,,0
6/2/2021 6:00,16.14,,,0
6/2/2021 9:00,16.15,,,0
6/2/2021 12:00,16.16,,,0
6/2/2021 15:00,16.17,,,0
6/2/2021 18:00,16.18,,,0
6/3/2021 6:00,16.25,,,0
6/3/2021 9:00,16.27,,,0
6/3/2021 12:00,16.29,,,0
6/3/2021 15:00,16.31,,,0
6/3/2021 18:00,16.32,,,0
6/4/2021 6:00,16.27,,,0
6/4/2021 9:00,16.26,,,0
6/4/2021 12:00,16.25,,,0
6/4/2021 15:00,16.25,,,0
6/4/2021 18:00,16.23,,,0
6/5/2021 6:00,16.21,,,0
6/5/2021 9:00,16.21,,,0
6/5/2021 12:00,16.2,,,0
6/5/2021 15:00,16.19,,,0
6/5/2021 18:00,16.19,,,0
6/6/2021 6:00,16.19,,,0
6/6/2021 9:00,16.19,,,0
6/6/2021 12:00,16.2,,,0
6/6/2021 15:00,16.21,,,0
6/6/2021 18:00,16.22,,,0
6/7/2021 6:00,16.28,,,0
6/7/2021 9:00,16.3,,,0
6/7/2021 12:00,16.32,,,0
6/7/2021 15:00,16.34,,,0
6/7/2021 18:00,16.36,,,0
6/8/2021 6:00,16.51,,,0
6/8/2021 9:00,16.54,,,0
6/8/2021 12:00,16.57,,,0
6/8/2021 15:00,16.59,,,0
6/8/2021 18:00,16.62,,,0
6/9/2021 6:00,16.85,,,0
6/9/2021 9:00,16.88,,,0
6/9/2021 12:00,16.91,,,0
6/9/2021 15:00,16.93,,,0
6/9/2021 18:00,16.97,,,0
6/10/2021 6:00,17.14,,,0
6/10/2021 9:00,17.17,,,0
6/10/2021 12:00,17.23,,,0
6/10/2021 15:00,17.28,,,0
6/10/2021 18:00,17.3,,,0
6/11/2021 6:00,17.32,,,0
6/11/2021 9:00,17.32,,,0
6/11/2021 12:00,17.31,,,0
6/11/2021 15:00,17.31,,,0
6/11/2021 18:00,17.3,,,0
6/12/2021 6:00,17.27,,,0
6/12/2021 9:00,17.26,,,0
6/12/2021 12:00,17.24,,,0
6/12/2021 15:00,17.23,,,0
6/12/2021 18:00,17.23,,,0
6/13/2021 6:00,17.23,,,0
6/13/2021 9:00,17.23,,,0
6/13/2021 12:00,17.23,,,0
6/13/2021 15:00,17.24,,,0
6/13/2021 18:00,17.25,,,0
6/14/2021 6:00,17.33,,,0
6/14/2021 9:00,17.35,,,0
6/14/2021 12:00,17.35,,,0
6/14/2021 15:00,17.35,,,0
6/14/2021 18:00,17.35,,,0
6/15/2021 6:00,17.36,,,0
6/15/2021 9:00,17.36,,,0
6/15/2021 12:00,17.37,,,0
6/15/2021 15:00,17.37,,,0
6/15/2021 18:00,17.37,,,0
6/16/2021 6:00,17.28,,,0
6/16/2021 9:00,17.26,,,0
6/16/2021 12:00,17.2,,,0
6/16/2021 15:00,17.15,,,0
6/16/2021 18:00,17.1,,,0
6/17/2021 6:00,17.03,,,0
6/17/2021 9:00,17.01,,,0
6/17/2021 12:00,17,,,0
6/17/2021 15:00,17,,,0
6/17/2021 18:00,17,,,0
6/18/2021 6:00,17,,,0
6/18/2021 9:00,17,,,0
6/18/2021 12:00,16.99,,,0
6/18/2021 15:00,16.99,,,0
6/18/2021 18:00,16.99,,,0
6/19/2021 6:00,16.99,,,0
6/19/2021 9:00,16.99,,,0
6/19/2021 12:00,16.99,,,0
6/19/2021 15:00,16.99,,,0
6/19/2021 18:00,17,,,0
6/20/2021 6:00,17.05,,,0
6/20/2021 9:00,17.06,,,0
6/20/2021 12:00,17.08,,,0
6/20/2021 15:00,17.11,,,0
6/20/2021 18:00,17.12,,,0
6/21/2021 6:00,17.13,,,0
6/21/2021 9:00,17.13,,,0
6/21/2021 12:00,17.13,,,0
6/21/2021 15:00,17.12,,,0
6/21/2021 18:00,17.12,,,0
6/22/2021 6:00,17.16,,,0
6/22/2021 9:00,17.18,,,0
6/22/2021 12:00,17.19,,,0
6/22/2021 15:00,17.2,,,0
6/22/2021 18:00,17.21,,,0
6/23/2021 6:00,17.19,,,0
6/23/2021 9:00,17.18,,,0
6/23/2021 12:00,17.18,,,0
6/23/2021 15:00,17.18,,,0
6/23/2021 18:00,17.16,,,0
6/24/2021 6:00,17.09,,,0
6/24/2021 9:00,17.07,,,0
6/24/2021 12:00,17.05,,,0
6/24/2021 15:00,17.03,,,0
6/24/2021 18:00,17.02,,,0
6/25/2021 6:00,17.02,,,0
6/25/2021 9:00,17.02,,,0
6/25/2021 12:00,17.03,,,0
6/25/2021 15:00,17.04,,,0
6/25/2021 18:00,17.05,,,0
6/26/2021 6:00,17.07,,,0
6/26/2021 9:00,17.07,,,0
6/26/2021 12:00,17.08,,,0
6/26/2021 15:00,17.08,,,0
6/26/2021 18:00,17.09,,,0
6/27/2021 6:00,17.1,,,0
6/27/2021 9:00,17.11,,,0
6/27/2021 12:00,17.11,,,0
6/27/2021 15:00,17.12,,,0
6/27/2021 18:00,17.13,,,0
6/28/2021 6:00,17.18,,,0
6/28/2021 9:00,17.19,,,0
6/28/2021 12:00,17.2,,,0
6/28/2021 15:00,17.21,,,0
6/28/2021 18:00,17.22,,,0
6/29/2021 6:00,17.29,,,0
6/29/2021 9:00,17.31,,,0
6/29/2021 12:00,17.32,,,0
6/29/2021 15:00,17.34,,,0
6/29/2021 18:00,17.38,,,0
6/30/2021 6:00,17.59,,,0
6/30/2021 9:00,17.63,,,0
6/30/2021 12:00,17.68,,,0
6/30/2021 15:00,17.74,,,0
6/30/2021 18:00,17.79,,,0
7/1/2021 6:00,18.02,,,0
7/1/2021 9:00,18.07,,,0
7/1/2021 12:00,18.12,,,0
7/1/2021 15:00,18.16,,,0
7/1/2021 18:00,18.21,,,0
7/2/2021 6:00,18.26,,,0
7/2/2021 9:00,18.27,,,0
7/2/2021 12:00,18.28,,,0
7/2/2021 15:00,18.28,,,0
7/2/2021 18:00,18.28,,,0
7/3/2021 6:00,18.25,,,0
7/3/2021 9:00,18.24,,,0
7/3/2021 12:00,18.24,,,0
7/3/2021 15:00,18.24,,,0
7/3/2021 18:00,18.25,,,0
7/4/2021 6:00,18.39,,,0
7/4/2021 9:00,18.41,,,0
7/4/2021 12:00,18.44,,,0
7/4/2021 15:00,18.49,,,0
7/4/2021 18:00,18.51,,,0
7/5/2021 6:00,18.72,,,0
7/5/2021 9:00,18.77,,,0
7/5/2021 12:00,18.81,,,0
7/5/2021 15:00,18.83,,,0
7/5/2021 18:00,18.85,,,0
7/6/2021 6:00,18.87,,,0
7/6/2021 9:00,18.88,,,0
7/6/2021 12:00,18.89,,,0
7/6/2021 15:00,18.89,,,0
7/6/2021 18:00,18.89,,,0
7/7/2021 6:00,18.89,,,0
7/7/2021 9:00,18.89,,,0
7/7/2021 12:00,18.89,,,0
7/7/2021 15:00,18.89,,,0
7/7/2021 18:00,18.89,,,0
7/8/2021 6:00,18.88,,,0
7/8/2021 9:00,18.88,,,0
7/8/2021 12:00,18.87,,,0
7/8/2021 15:00,18.86,,,0
7/8/2021 18:00,18.85,,,0
7/9/2021 6:00,18.85,,,0
7/9/2021 9:00,18.85,,,0
7/9/2021 12:00,18.85,,,0
7/9/2021 15:00,18.85,,,0
7/9/2021 18:00,18.85,,,0
7/10/2021 6:00,18.86,,,0
7/10/2021 9:00,18.86,,,0
7/10/2021 12:00,18.85,,,0
7/10/2021 15:00,18.83,,,0
7/10/2021 18:00,18.82,,,0
7/11/2021 6:00,18.75,,,0
7/11/2021 9:00,18.73,,,0
7/11/2021 12:00,18.71,,,0
7/11/2021 15:00,18.69,,,0
7/11/2021 18:00,18.67,,,0
7/12/2021 6:00,18.55,,,0
7/12/2021 9:00,18.52,,,0
7/12/2021 12:00,18.51,,,0
7/12/2021 15:00,18.49,,,0
7/12/2021 18:00,18.47,,,0
7/13/2021 6:00,18.45,,,0
7/13/2021 9:00,18.45,,,0
7/13/2021 12:00,18.45,,,0
7/13/2021 15:00,18.44,,,0
7/13/2021 18:00,18.44,,,0
7/14/2021 6:00,18.39,,,0
7/14/2021 9:00,18.37,,,0
7/14/2021 12:00,18.35,,,0
7/14/2021 15:00,18.34,,,0
7/14/2021 18:00,18.32,,,0
7/15/2021 6:00,18.28,,,0
7/15/2021 9:00,18.28,,,0
7/15/2021 12:00,18.28,,,0
7/15/2021 15:00,18.28,,,0
7/15/2021 18:00,18.28,,,0
7/16/2021 6:00,18.34,,,0
7/16/2021 9:00,18.36,,,0
7/16/2021 12:00,18.38,,,0
7/16/2021 15:00,18.39,,,0
7/16/2021 18:00,18.41,,,0
7/17/2021 6:00,18.48,,,0
7/17/2021 9:00,18.48,,,0
7/17/2021 12:00,18.49,,,0
7/17/2021 15:00,18.51,,,0
7/17/2021 18:00,18.52,,,0
7/18/2021 6:00,18.59,,,0
7/18/2021 9:00,18.6,,,0
7/18/2021 12:00,18.61,,,0
7/18/2021 15:00,18.62,,,0
7/18/2021 18:00,18.63,,,0
7/19/2021 6:00,18.57,,,0
7/19/2021 9:00,18.56,,,0
7/19/2021 12:00,18.54,,,0
7/19/2021 15:00,18.53,,,0
7/19/2021 18:00,18.52,,,0
7/20/2021 6:00,18.51,,,0
7/20/2021 9:00,18.51,,,0
7/20/2021 12:00,18.5,,,0
7/20/2021 15:00,18.5,,,0
7/20/2021 18:00,18.49,,,0
7/21/2021 6:00,18.37,,,0
7/21/2021 9:00,18.35,,,0
7/21/2021 12:00,18.33,,,0
7/21/2021 15:00,18.31,,,0
7/21/2021 18:00,18.3,,,0
7/22/2021 6:00,18.28,,,0
7/22/2021 9:00,18.28,,,0
7/22/2021 12:00,18.27,,,0
7/22/2021 15:00,18.26,,,0
7/22/2021 18:00,18.25,,,0
7/23/2021 6:00,18.21,,,0
7/23/2021 9:00,18.2,,,0
7/23/2021 12:00,18.18,,,0
7/23/2021 15:00,18.15,,,0
7/23/2021 18:00,18.13,,,0
7/24/2021 6:00,18.1,,,0
7/24/2021 9:00,18.09,,,0
7/24/2021 12:00,18.07,,,0
7/24/2021 15:00,18.05,,,0
7/24/2021 18:00,18.03,,,0
7/25/2021 6:00,17.96,,,0
7/25/2021 9:00,17.94,,,0
7/25/2021 12:00,17.92,,,0
7/25/2021 15:00,17.91,,,0
7/25/2021 18:00,17.89,,,0
7/26/2021 6:00,17.77,,,0
7/26/2021 9:00,17.75,,,0
7/26/2021 12:00,17.75,,,0
7/26/2021 15:00,17.74,,,0
7/26/2021 18:00,17.72,,,0
7/27/2021 6:00,17.63,,,0
7/27/2021 9:00,17.62,,,0
7/27/2021 12:00,17.6,,,0
7/27/2021 15:00,17.57,,,0
7/27/2021 18:00,17.55,,,0
7/28/2021 6:00,17.48,,,0
7/28/2021 9:00,17.47,,,0
7/28/2021 12:00,17.46,,,0
7/28/2021 15:00,17.45,,,0
7/28/2021 18:00,17.43,,,0
7/29/2021 6:00,17.43,,,0
7/29/2021 9:00,17.43,,,0
7/29/2021 12:00,17.43,,,0
7/29/2021 15:00,17.43,,,0
7/29/2021 18:00,17.42,,,0
7/30/2021 6:00,17.41,,,0
7/30/2021 9:00,17.41,,,0
7/30/2021 12:00,17.41,,,0
7/30/2021 15:00,17.41,,,0
7/30/2021 18:00,17.41,,,0
7/31/2021 6:00,17.43,,,0
7/31/2021 9:00,17.43,,,0
7/31/2021 12:00,17.43,,,0
7/31/2021 15:00,17.44,,,0
7/31/2021 18:00,17.44,,,0
8/1/2021 6:00,17.46,,,0
8/1/2021 9:00,17.46,,,0
8/1/2021 12:00,17.47,,,0
8/1/2021 15:00,17.48,,,0
8/1/2021 18:00,17.49,,,0
8/2/2021 6:00,17.58,,,0
8/2/2021 9:00,17.59,,,0
8/2/2021 12:00,17.61,,,0
8/2/2021 15:00,17.62,,,0
8/2/2021 18:00,17.61,,,0
8/3/2021 6:00,17.58,,,0
8/3/2021 9:00,17.58,,,0
8/3/2021 12:00,17.58,,,0
8/3/2021 15:00,17.57,,,0
8/3/2021 18:00,17.57,,,0
8/4/2021 6:00,17.6,,,0
8/4/2021 9:00,17.61,,,0
8/4/2021 12:00,17.62,,,0
8/4/2021 15:00,17.64,,,0
8/4/2021 18:00,17.66,,,0
8/5/2021 6:00,17.71,,,0
8/5/2021 9:00,17.72,,,0
8/5/2021 12:00,17.74,,,0
8/5/2021 15:00,17.75,,,0
8/5/2021 18:00,17.77,,,0
8/6/2021 6:00,17.77,,,0
8/6/2021 9:00,17.77,,,0
8/6/2021 12:00,17.77,,,0
8/6/2021 15:00,17.77,,,0
8/6/2021 18:00,17.77,,,0
8/7/2021 6:00,17.75,,,0
8/7/2021 9:00,17.74,,,0
8/7/2021 12:00,17.73,,,0
8/7/2021 15:00,17.72,,,0
8/7/2021 18:00,17.71,,,0
8/8/2021 6:00,17.71,,,0
8/8/2021 9:00,17.71,,,0
8/8/2021 12:00,17.71,,,0
8/8/2021 15:00,17.7,,,0
8/8/2021 18:00,17.67,,,0
8/9/2021 6:00,17.48,,,0
8/9/2021 9:00,17.45,,,0
8/9/2021 12:00,17.42,,,0
8/9/2021 15:00,17.39,,,0
8/9/2021 18:00,17.37,,,0
8/10/2021 6:00,17.32,,,0
8/10/2021 9:00,17.31,,,0
8/10/2021 12:00,17.3,,,0
8/10/2021 15:00,17.3,,,0
8/10/2021 18:00,17.29,,,0
8/11/2021 6:00,17.28,,,0
8/11/2021 9:00,17.28,,,0
8/11/2021 12:00,17.27,,,0
8/11/2021 15:00,17.27,,,0
8/11/2021 18:00,17.26,,,0
8/12/2021 6:00,17.14,,,0
8/12/2021 9:00,17.12,,,0
8/12/2021 12:00,17.1,,,0
8/12/2021 15:00,17.09,,,0
8/12/2021 18:00,17.09,,,0
8/13/2021 6:00,17.11,,,0
8/13/2021 9:00,17.12,,,0
8/13/2021 12:00,17.15,,,0
8/13/2021 15:00,17.19,,,0
8/13/2021 18:00,17.22,,,0
8/14/2021 6:00,17.31,,,0
8/14/2021 9:00,17.33,,,0
8/14/2021 12:00,17.37,,,0
8/14/2021 15:00,17.43,,,0
8/14/2021 18:00,17.46,,,0
8/15/2021 6:00,17.54,,,0
8/15/2021 9:00,17.56,,,0
8/15/2021 12:00,17.61,,,0
8/15/2021 15:00,17.64,,,0
8/15/2021 18:00,17.66,,,0
8/16/2021 6:00,17.91,,,0
8/16/2021 9:00,17.95,,,0
8/16/2021 12:00,17.99,,,0
8/16/2021 15:00,18.04,,,0
8/16/2021 18:00,18.06,,,0
8/17/2021 6:00,18.17,,,0
8/17/2021 9:00,18.19,,,0
8/17/2021 12:00,18.21,,,0
8/17/2021 15:00,18.23,,,0
8/17/2021 18:00,18.25,,,0
8/18/2021 6:00,18.36,,,0
8/18/2021 9:00,18.38,,,0
8/18/2021 12:00,18.4,,,0
8/18/2021 15:00,18.42,,,0
8/18/2021 18:00,18.44,,,0
8/19/2021 6:00,18.59,,,0
8/19/2021 9:00,18.62,,,0
8/19/2021 12:00,18.66,,,0
8/19/2021 15:00,18.68,,,0
8/19/2021 18:00,18.7,,,0
8/20/2021 6:00,18.77,,,0
8/20/2021 9:00,18.79,,,0
8/20/2021 12:00,18.83,,,0
8/20/2021 15:00,18.85,,,0
8/20/2021 18:00,18.86,,,0
8/21/2021 6:00,18.97,,,0
8/21/2021 9:00,18.99,,,0
8/21/2021 12:00,19.01,,,0
8/21/2021 15:00,19.01,,,0
8/21/2021 18:00,19.02,,,0
8/22/2021 6:00,19.03,,,0
8/22/2021 9:00,19.03,,,0
8/22/2021 12:00,19.04,,,0
8/22/2021 15:00,19.04,,,0
8/22/2021 18:00,19.04,,,0
8/23/2021 6:00,19.04,,,0
8/23/2021 9:00,19.04,,,0
8/23/2021 12:00,19.03,,,0
8/23/2021 15:00,19.03,,,0
8/23/2021 18:00,19.02,,,0
8/24/2021 6:00,19,,,0
8/24/2021 9:00,19,,,0
8/24/2021 12:00,19,,,0
8/24/2021 15:00,18.99,,,0
8/24/2021 18:00,18.99,,,0
8/25/2021 6:00,19.06,,,0
8/25/2021 9:00,19.08,,,0
8/25/2021 12:00,19.1,,,0
8/25/2021 15:00,19.13,,,0
8/25/2021 18:00,19.15,,,0
8/26/2021 6:00,19.24,,,0
8/26/2021 9:00,19.26,,,0
8/26/2021 12:00,19.29,,,0
8/26/2021 15:00,19.31,,,0
8/26/2021 18:00,19.32,,,0
8/27/2021 6:00,19.37,,,0
8/27/2021 9:00,19.37,,,0
8/27/2021 12:00,19.38,,,0
8/27/2021 15:00,19.39,,,0
8/27/2021 18:00,19.41,,,0
8/28/2021 6:00,19.5,,,0
8/28/2021 9:00,19.52,,,1
8/28/2021 12:00,19.55,,,1
8/28/2021 15:00,19.57,,,1
8/28/2021 18:00,19.58,,,1
8/29/2021 6:00,19.61,,,1
8/29/2021 9:00,19.62,,,1
8/29/2021 12:00,19.63,,,1
8/29/2021 15:00,19.63,,,1
8/29/2021 18:00,19.61,,,1
8/30/2021 6:00,19.62,,,1
8/30/2021 9:00,19.64,,,1
8/30/2021 12:00,19.66,,,1
8/30/2021 15:00,19.67,,,1
8/30/2021 18:00,19.68,,,1
8/31/2021 6:00,19.78,,,1
8/31/2021 9:00,19.8,,,1
8/31/2021 12:00,19.81,,,1
8/31/2021 15:00,19.83,,,1
8/31/2021 18:00,19.85,,,1
9/1/2021 6:00,19.92,,,1
9/1/2021 9:00,19.94,,,1
9/1/2021 12:00,19.95,,,1
9/1/2021 15:00,19.96,,,1
9/1/2021 18:00,19.97,,,1
9/2/2021 6:00,20.07,,,1
9/2/2021 9:00,20.09,,,1
9/2/2021 12:00,20.11,,,1
9/2/2021 15:00,20.12,,,1
9/2/2021 18:00,20.13,,,1
9/3/2021 6:00,20.13,,,1
9/3/2021 9:00,20.13,,,1
9/3/2021 12:00,20.13,,,1
9/3/2021 15:00,20.13,,,1
9/3/2021 18:00,20.13,,,1
9/4/2021 6:00,20.1,,,1
9/4/2021 9:00,20.09,,,1
9/4/2021 12:00,20.07,,,1
9/4/2021 15:00,20.04,,,1
9/4/2021 18:00,20.02,,,1
9/5/2021 6:00,19.86,,,1
9/5/2021 9:00,19.84,,,1
9/5/2021 12:00,19.81,,,1
9/5/2021 15:00,19.75,,,1
9/5/2021 18:00,19.71,,,1
9/6/2021 6:00,19.52,,,1
9/6/2021 9:00,19.48,,,0
9/6/2021 12:00,19.45,,,0
9/6/2021 15:00,19.4,,,0
9/6/2021 18:00,19.35,,,0
9/7/2021 6:00,19.17,,,0
9/7/2021 9:00,19.14,,,0
9/7/2021 12:00,19.12,,,0
9/7/2021 15:00,19.1,,,0
9/7/2021 18:00,19.08,,,0
9/8/2021 6:00,18.97,,,0
9/8/2021 9:00,18.94,,,0
9/8/2021 12:00,18.92,,,0
9/8/2021 15:00,18.9,,,0
9/8/2021 18:00,18.88,,,0
9/9/2021 6:00,18.83,,,0
9/9/2021 9:00,18.82,,,0
9/9/2021 12:00,18.81,,,0
9/9/2021 15:00,18.8,,,0
9/9/2021 18:00,18.79,,,0
9/10/2021 6:00,18.67,,,0
9/10/2021 9:00,18.64,,,0
9/10/2021 12:00,18.62,,,0
9/10/2021 15:00,18.59,,,0
9/10/2021 18:00,18.57,,,0
9/11/2021 6:00,18.51,,,0
9/11/2021 9:00,18.5,,,0
9/11/2021 12:00,18.49,,,0
9/11/2021 15:00,18.48,,,0
9/11/2021 18:00,18.47,,,0
9/12/2021 6:00,18.44,,,0
9/12/2021 9:00,18.43,,,0
9/12/2021 12:00,18.4,,,0
9/12/2021 15:00,18.37,,,0
9/12/2021 18:00,18.35,,,0
9/13/2021 6:00,18.32,,,0
9/13/2021 9:00,18.32,,,0
9/13/2021 12:00,18.31,,,0
9/13/2021 15:00,18.29,,,0
9/13/2021 18:00,18.28,,,0
9/14/2021 6:00,18.22,,,0
9/14/2021 9:00,18.21,,,0
9/14/2021 12:00,18.19,,,0
9/14/2021 15:00,18.17,,,0
9/14/2021 18:00,18.15,,,0
9/15/2021 6:00,18.08,,,0
9/15/2021 9:00,18.06,,,0
9/15/2021 12:00,18.04,,,0
9/15/2021 15:00,18.02,,,0
9/15/2021 18:00,18,,,0
9/16/2021 6:00,17.92,,,0
9/16/2021 9:00,17.91,,,0
9/16/2021 12:00,17.87,,,0
9/16/2021 15:00,17.83,,,0
9/16/2021 18:00,17.8,,,0
9/17/2021 6:00,17.74,,,0
9/17/2021 9:00,17.72,,,0
9/17/2021 12:00,17.7,,,0
9/17/2021 15:00,17.69,,,0
9/17/2021 18:00,17.68,,,0
9/18/2021 6:00,17.61,,,0
9/18/2021 9:00,17.59,,,0
9/18/2021 12:00,17.57,,,0
9/18/2021 15:00,17.56,,,0
9/18/2021 18:00,17.54,,,0
9/19/2021 6:00,17.47,,,0
9/19/2021 9:00,17.45,,,0
9/19/2021 12:00,17.43,,,0
9/19/2021 15:00,17.42,,,0
9/19/2021 18:00,17.41,,,0
9/20/2021 6:00,17.41,,,0
9/20/2021 9:00,17.42,,,0
9/20/2021 12:00,17.41,,,0
9/20/2021 15:00,17.4,,,0
9/20/2021 18:00,17.39,,,0
9/21/2021 6:00,17.37,,,0
9/21/2021 9:00,17.37,,,0
9/21/2021 12:00,17.36,,,0
9/21/2021 15:00,17.34,,,0
9/21/2021 18:00,17.33,,,0
9/22/2021 6:00,17.29,,,0
9/22/2021 9:00,17.28,,,0
9/22/2021 12:00,17.27,,,0
9/22/2021 15:00,17.25,,,0
9/22/2021 18:00,17.24,,,0
9/23/2021 6:00,17.19,,,0
9/23/2021 9:00,17.18,,,0
9/23/2021 12:00,17.16,,,0
9/23/2021 15:00,17.14,,,0
9/23/2021 18:00,17.14,,,0
9/24/2021 6:00,17.14,,,0
9/24/2021 9:00,17.14,,,0
9/24/2021 12:00,17.14,,,0
9/24/2021 15:00,17.13,,,0
9/24/2021 18:00,17.13,,,0
9/25/2021 6:00,17.1,,,0
9/25/2021 9:00,17.09,,,0
9/25/2021 12:00,17.08,,,0
9/25/2021 15:00,17.08,,,0
9/25/2021 18:00,17.06,,,0
9/26/2021 6:00,16.92,,,0
9/26/2021 9:00,16.9,,,0
9/26/2021 12:00,16.87,,,0
9/26/2021 15:00,16.84,,,0
9/26/2021 18:00,16.82,,,0
9/27/2021 6:00,16.77,,,0
9/27/2021 9:00,16.75,,,0
9/27/2021 12:00,16.72,,,0
9/27/2021 15:00,16.68,,,0
9/27/2021 18:00,16.66,,,0
9/28/2021 6:00,16.58,,,0
9/28/2021 9:00,16.56,,,0
9/28/2021 12:00,16.54,,,0
9/28/2021 15:00,16.52,,,0
9/28/2021 18:00,16.51,,,0
9/29/2021 6:00,16.46,,,0
9/29/2021 9:00,16.45,,,0
9/29/2021 12:00,16.43,,,0
9/29/2021 15:00,16.42,,,0
9/29/2021 18:00,16.41,,,0
9/30/2021 6:00,16.38,,,0
9/30/2021 9:00,16.37,,,0
9/30/2021 12:00,16.36,,,0
9/30/2021 15:00,16.35,,,0
9/30/2021 18:00,16.34,,,0
10/1/2021 6:00,16.33,,,0
10/1/2021 9:00,16.33,,,0
10/1/2021 12:00,16.33,,,0
10/1/2021 15:00,16.33,,,0
10/1/2021 18:00,16.32,,,0
10/2/2021 6:00,16.28,,,0
10/2/2021 9:00,16.27,,,0
10/2/2021 12:00,16.26,,,0
10/2/2021 15:00,16.26,,,0
10/2/2021 18:00,16.25,,,0
10/3/2021 6:00,16.21,,,0
10/3/2021 9:00,16.21,,,0
10/3/2021 12:00,16.2,,,0
10/3/2021 15:00,16.19,,,0
10/3/2021 18:00,16.19,,,0
10/4/2021 6:00,16.24,,,0
10/4/2021 9:00,16.25,,,0
10/4/2021 12:00,16.27,,,0
10/4/2021 15:00,16.28,,,0
10/4/2021 18:00,16.31,,,0
10/5/2021 6:00,16.54,,,0
10/5/2021 9:00,16.58,,,0
10/5/2021 12:00,16.61,,,0
10/5/2021 15:00,16.64,,,0
10/5/2021 18:00,16.64,,,0
10/6/2021 6:00,16.64,,,0
10/6/2021 9:00,16.64,,,0
10/6/2021 12:00,16.63,,,0
10/6/2021 15:00,16.63,,,0
10/6/2021 18:00,16.62,,,0
10/7/2021 6:00,16.54,,,0
10/7/2021 9:00,16.53,,,0
10/7/2021 12:00,16.51,,,0
10/7/2021 15:00,16.5,,,0
10/7/2021 18:00,16.49,,,0
10/8/2021 6:00,16.41,,,0
10/8/2021 9:00,16.4,,,0
10/8/2021 12:00,16.39,,,0
10/8/2021 15:00,16.37,,,0
10/8/2021 18:00,16.36,,,0
10/9/2021 6:00,16.35,,,0
10/9/2021 9:00,16.35,,,0
10/9/2021 12:00,16.35,,,0
10/9/2021 15:00,16.35,,,0
10/9/2021 18:00,16.35,,,0
10/10/2021 6:00,16.34,,,0
10/10/2021 9:00,16.34,,,0
10/10/2021 12:00,16.34,,,0
10/10/2021 15:00,16.33,,,0
10/10/2021 18:00,16.33,,,0
10/11/2021 6:00,16.33,,,0
10/11/2021 9:00,16.33,,,0
10/11/2021 12:00,16.33,,,0
10/11/2021 15:00,16.33,,,0
10/11/2021 18:00,16.32,,,0
10/12/2021 6:00,16.27,,,0
10/12/2021 9:00,16.25,,,0
10/12/2021 12:00,16.23,,,0
10/12/2021 15:00,16.21,,,0
10/12/2021 18:00,16.19,,,0
10/13/2021 6:00,16.11,,,0
10/13/2021 9:00,16.1,,,0
10/13/2021 12:00,16.08,,,0
10/13/2021 15:00,16.06,,,0
10/13/2021 18:00,16.05,,,0
10/14/2021 6:00,15.96,,,0
10/14/2021 9:00,15.95,,,0
10/14/2021 12:00,15.93,,,0
10/14/2021 15:00,15.91,,,0
10/14/2021 18:00,15.89,,,0
10/15/2021 6:00,15.8,,,0
10/15/2021 9:00,15.78,,,0
10/15/2021 12:00,15.76,,,0
10/15/2021 15:00,15.75,,,0
10/15/2021 18:00,15.73,,,0
10/16/2021 6:00,15.66,,,0
10/16/2021 9:00,15.65,,,0
10/16/2021 12:00,15.63,,,0
10/16/2021 15:00,15.61,,,0
10/16/2021 18:00,15.6,,,0
10/17/2021 6:00,15.54,,,0
10/17/2021 9:00,15.53,,,0
10/17/2021 12:00,15.51,,,0
10/17/2021 15:00,15.49,,,0
10/17/2021 18:00,15.47,,,0
10/18/2021 6:00,15.42,,,0
10/18/2021 9:00,15.4,,,0
10/18/2021 12:00,15.39,,,0
10/18/2021 15:00,15.38,,,0
10/18/2021 18:00,15.37,,,0
10/19/2021 6:00,15.31,,,0
10/19/2021 9:00,15.29,,,0
10/19/2021 12:00,15.29,,,0
10/19/2021 15:00,15.28,,,0
10/19/2021 18:00,15.28,,,0
10/20/2021 6:00,15.28,,,0
10/20/2021 9:00,15.28,,,0
10/20/2021 12:00,15.3,,,0
10/20/2021 15:00,15.33,,,0
10/20/2021 18:00,15.42,,,0
10/21/2021 6:00,16.14,,,0
10/21/2021 9:00,16.27,,,0
10/21/2021 12:00,16.48,,,0
10/21/2021 15:00,16.6,,,0
10/21/2021 18:00,16.62,,,0
10/22/2021 6:00,16.71,,,0
10/22/2021 9:00,16.71,,,0
10/22/2021 12:00,16.65,,,0
10/22/2021 15:00,16.59,,,0
10/22/2021 18:00,16.54,,,0
10/23/2021 6:00,16.29,,,0
10/23/2021 9:00,16.24,,,0
10/23/2021 12:00,16.19,,,0
10/23/2021 15:00,16.15,,,0
10/23/2021 18:00,16.11,,,0
10/24/2021 6:00,15.96,,,0
10/24/2021 9:00,15.94,,,0
10/24/2021 12:00,15.9,,,0
10/24/2021 15:00,15.87,,,0
10/24/2021 18:00,15.85,,,0
10/25/2021 6:00,15.82,,,0
10/25/2021 9:00,15.81,,,0
10/25/2021 12:00,15.81,,,0
10/25/2021 15:00,15.81,,,0
10/25/2021 18:00,15.81,,,0
10/26/2021 6:00,15.86,,,0
10/26/2021 9:00,15.9,,,0
10/26/2021 12:00,15.92,,,0
10/26/2021 15:00,15.93,,,0
10/26/2021 18:00,15.95,,,0
10/27/2021 6:00,16.14,,,0
10/27/2021 9:00,16.17,,,0
10/27/2021 12:00,16.22,,,0
10/27/2021 15:00,16.29,,,0
10/27/2021 18:00,16.33,,,0
10/28/2021 6:00,16.4,,,0
10/28/2021 9:00,16.42,,,0
10/28/2021 12:00,16.43,,,0
10/28/2021 15:00,16.44,,,0
10/28/2021 18:00,16.44,,,0
10/29/2021 6:00,16.37,,,0
10/29/2021 9:00,16.34,,,0
10/29/2021 12:00,16.3,,,0
10/29/2021 15:00,16.28,,,0
10/29/2021 18:00,16.25,,,0
10/30/2021 6:00,16.09,,,0
10/30/2021 9:00,16.05,,,0
10/30/2021 12:00,16.01,,,0
10/30/2021 15:00,15.98,,,0
10/30/2021 18:00,15.95,,,0
10/31/2021 6:00,15.79,,,0
10/31/2021 9:00,15.77,,,0
10/31/2021 12:00,15.75,,,0
10/31/2021 15:00,15.74,,,0
10/31/2021 18:00,15.75,,,0
11/1/2021 6:00,15.56,,,0
11/1/2021 9:00,15.58,,,0
11/1/2021 12:00,15.56,,,0
11/1/2021 15:00,15.54,,,0
11/1/2021 18:00,15.52,,,0
11/2/2021 6:00,15.43,,,0
11/2/2021 9:00,15.42,,,0
11/2/2021 12:00,15.4,,,0
11/2/2021 15:00,15.39,,,0
11/2/2021 18:00,15.37,,,0
11/3/2021 6:00,15.28,,,0
11/3/2021 9:00,15.26,,,0
11/3/2021 12:00,15.24,,,0
11/3/2021 15:00,15.22,,,0
11/3/2021 18:00,15.2,,,0
11/4/2021 6:00,15.14,,,0
11/4/2021 9:00,15.13,,,0
11/4/2021 12:00,15.12,,,0
11/4/2021 15:00,15.1,,,0
11/4/2021 18:00,15.09,,,0
11/5/2021 6:00,15.02,,,0
11/5/2021 9:00,15.01,,,0
11/5/2021 12:00,15,,,0
11/5/2021 15:00,14.99,,,0
11/5/2021 18:00,14.98,,,0
11/6/2021 6:00,14.92,,,0
11/6/2021 9:00,14.91,,,0
11/6/2021 12:00,14.89,,,0
11/6/2021 15:00,14.88,,,0
11/6/2021 18:00,14.87,,,0
11/7/2021 6:00,14.81,,,0
11/7/2021 9:00,14.8,,,0
11/7/2021 12:00,14.79,,,0
11/7/2021 15:00,14.77,,,0
11/7/2021 18:00,14.76,,,0
11/8/2021 6:00,14.74,,,0
11/8/2021 9:00,14.74,,,0
11/8/2021 12:00,14.72,,,0
11/8/2021 15:00,14.71,,,0
11/8/2021 18:00,14.7,,,0
11/9/2021 6:00,14.66,,,0
11/9/2021 9:00,14.65,,,0
11/9/2021 12:00,14.64,,,0
11/9/2021 15:00,14.63,,,0
11/9/2021 18:00,14.61,,,0
11/10/2021 6:00,14.57,,,0
11/10/2021 9:00,14.56,,,0
11/10/2021 12:00,14.56,,,0
11/10/2021 15:00,14.55,,,0
11/10/2021 18:00,14.55,,,0
11/11/2021 6:00,14.5,,,0
11/11/2021 9:00,14.49,,,0
11/11/2021 12:00,14.48,,,0
11/11/2021 15:00,14.47,,,0
11/11/2021 18:00,14.46,,,0
11/12/2021 6:00,14.43,,,0
11/12/2021 9:00,14.43,,,0
11/12/2021 12:00,14.42,,,0
11/12/2021 15:00,14.41,,,0
11/12/2021 18:00,14.4,,,0
11/13/2021 6:00,14.38,,,0
11/13/2021 9:00,14.38,,,0
11/13/2021 12:00,14.37,,,0
11/13/2021 15:00,14.36,,,0
11/13/2021 18:00,14.37,,,0
11/14/2021 6:00,14.32,,,0
11/14/2021 9:00,14.31,,,0
11/14/2021 12:00,14.3,,,0
11/14/2021 15:00,14.29,,,0
11/14/2021 18:00,14.29,,,0
11/15/2021 6:00,14.26,,,0
11/15/2021 9:00,14.26,,,0
11/15/2021 12:00,14.25,,,0
11/15/2021 15:00,14.23,,,0
11/15/2021 18:00,14.22,,,0
11/16/2021 6:00,14.19,,,0
11/16/2021 9:00,14.18,,,0
11/16/2021 12:00,14.17,,,0
11/16/2021 15:00,14.17,,,0
11/16/2021 18:00,14.17,,,0
11/17/2021 6:00,14.16,,,0
11/17/2021 9:00,14.16,,,0
11/17/2021 12:00,14.15,,,0
11/17/2021 15:00,14.15,,,0
11/17/2021 18:00,14.15,,,0
11/18/2021 6:00,14.13,,,0
11/18/2021 9:00,14.12,,,0
11/18/2021 12:00,14.11,,,0
11/18/2021 15:00,14.1,,,0
11/18/2021 18:00,14.09,,,0
11/19/2021 6:00,14.07,,,0
11/19/2021 9:00,14.07,,,0
11/19/2021 12:00,14.07,,,0
11/19/2021 15:00,14.06,,,0
11/19/2021 18:00,14.06,,,0
11/20/2021 6:00,14.03,,,0
11/20/2021 9:00,14.02,,,0
11/20/2021 12:00,14.02,,,0
11/20/2021 15:00,14.01,,,0
11/20/2021 18:00,14.01,,,0
11/21/2021 6:00,13.99,,,0
11/21/2021 9:00,13.99,,,0
11/21/2021 12:00,13.98,,,0
11/21/2021 15:00,13.98,,,0
11/21/2021 18:00,13.98,,,0
11/22/2021 6:00,13.95,,,0
11/22/2021 9:00,13.95,,,0
11/22/2021 12:00,13.94,,,0
11/22/2021 15:00,13.93,,,0
11/22/2021 18:00,13.94,,,0
11/23/2021 6:00,13.91,,,0
11/23/2021 9:00,13.89,,,0
11/23/2021 12:00,13.89,,,0
11/23/2021 15:00,13.88,,,0
11/23/2021 18:00,13.88,,,0
11/24/2021 6:00,13.87,,,0
11/24/2021 9:00,13.87,,,0
11/24/2021 12:00,13.87,,,0
11/24/2021 15:00,13.87,,,0
11/24/2021 18:00,13.87,,,0
11/25/2021 6:00,13.85,,,0
11/25/2021 9:00,13.85,,,0
11/25/2021 12:00,13.84,,,0
11/25/2021 15:00,13.84,,,0
11/25/2021 18:00,13.83,,,0
11/26/2021 6:00,13.8,,,0
11/26/2021 9:00,13.79,,,0
11/26/2021 12:00,13.79,,,0
11/26/2021 15:00,13.78,,,0
11/26/2021 18:00,13.78,,,0
11/27/2021 6:00,13.77,,,0
11/27/2021 9:00,13.77,,,0
11/27/2021 12:00,13.76,,,0
11/27/2021 15:00,13.76,,,0
11/27/2021 18:00,13.75,,,0
11/28/2021 6:00,13.74,,,0
11/28/2021 9:00,13.74,,,0
11/28/2021 12:00,13.74,,,0
11/28/2021 15:00,13.74,,,0
11/28/2021 18:00,13.73,,,0
11/29/2021 6:00,13.72,,,0
11/29/2021 9:00,13.72,,,0
11/29/2021 12:00,13.72,,,0
11/29/2021 15:00,13.71,,,0
11/29/2021 18:00,13.71,,,0
11/30/2021 6:00,13.7,,,0
11/30/2021 9:00,13.7,,,0
11/30/2021 12:00,13.7,,,0
11/30/2021 15:00,13.69,,,0
11/30/2021 18:00,13.69,,,0
12/1/2021 6:00,13.67,,,0
12/1/2021 9:00,13.67,,,0
12/1/2021 12:00,13.67,,,0
12/1/2021 15:00,13.66,,,0
12/1/2021 18:00,13.66,,,0
12/2/2021 6:00,13.64,,,0
12/2/2021 9:00,13.64,,,0
12/2/2021 12:00,13.63,,,0
12/2/2021 15:00,13.62,,,0
12/2/2021 18:00,13.62,,,0
12/3/2021 6:00,13.61,,,0
12/3/2021 9:00,13.61,,,0
12/3/2021 12:00,13.6,,,0
12/3/2021 15:00,13.6,,,0
12/3/2021 18:00,13.59,,,0
12/4/2021 6:00,13.57,,,0
12/4/2021 9:00,13.57,,,0
12/4/2021 12:00,13.57,,,0
12/4/2021 15:00,13.57,,,0
12/4/2021 18:00,13.57,,,0
12/5/2021 6:00,13.55,,,0
12/5/2021 9:00,13.55,,,0
12/5/2021 12:00,13.54,,,0
12/5/2021 15:00,13.53,,,0
12/5/2021 18:00,13.53,,,0
12/6/2021 6:00,13.5,,,0
12/6/2021 9:00,13.48,,,0
12/6/2021 12:00,13.47,,,0
12/6/2021 15:00,13.47,,,0
12/6/2021 18:00,13.46,,,0
12/7/2021 6:00,13.45,,,0
12/7/2021 9:00,13.44,,,0
12/7/2021 12:00,13.44,,,0
12/7/2021 15:00,13.43,,,0
12/7/2021 18:00,13.43,,,0
12/8/2021 6:00,13.41,,,0
12/8/2021 9:00,13.41,,,0
12/8/2021 12:00,13.4,,,0
12/8/2021 15:00,13.4,,,0
12/8/2021 18:00,13.39,,,0
12/9/2021 6:00,13.38,,,0
12/9/2021 9:00,13.38,,,0
12/9/2021 12:00,13.38,,,0
12/9/2021 15:00,13.37,,,0
12/9/2021 18:00,13.37,,,0
12/10/2021 6:00,13.35,,,0
12/10/2021 9:00,13.35,,,0
12/10/2021 12:00,13.34,,,0
12/10/2021 15:00,13.34,,,0
12/10/2021 18:00,13.34,,,0
12/11/2021 6:00,13.33,,,0
12/11/2021 9:00,13.33,,,0
12/11/2021 12:00,13.32,,,0
12/11/2021 15:00,13.32,,,0
12/11/2021 18:00,13.31,,,0
12/12/2021 6:00,13.3,,,0
12/12/2021 9:00,13.3,,,0
12/16/2021 6:00,13.23,,,0
12/16/2021 9:00,13.23,,,0
12/16/2021 12:00,13.23,,,0
12/16/2021 15:00,13.23,,,0
12/16/2021 18:00,13.22,,,0
12/17/2021 6:00,13.22,,,0
12/17/2021 9:00,13.22,,,0
12/17/2021 12:00,13.22,,,0
12/17/2021 15:00,13.22,,,0
12/17/2021 18:00,13.22,,,0
12/18/2021 6:00,13.21,,,0
12/18/2021 9:00,13.21,,,0
12/18/2021 12:00,13.21,,,0
12/18/2021 15:00,13.21,,,0
12/18/2021 18:00,13.21,,,0
12/19/2021 6:00,13.19,,,0
12/19/2021 9:00,13.19,,,0
12/23/2021 6:00,13.08,,,0
12/23/2021 9:00,13.08,,,0
12/23/2021 12:00,13.07,,,0
12/23/2021 15:00,13.06,,,0
12/24/2021 12:00,13.03,,,0
12/24/2021 15:00,13.03,,,0
12/24/2021 18:00,13.02,,,0
12/25/2021 6:00,13.02,,,0
12/25/2021 9:00,13.02,,,0
12/25/2021 12:00,13.01,,,0
12/25/2021 15:00,13.01,,,0
12/25/2021 18:00,13.01,,,0
12/26/2021 6:00,13,,,0
12/26/2021 9:00,13,,,0
12/26/2021 12:00,13,,,0
12/26/2021 15:00,12.99,,,0
12/26/2021 18:00,12.99,,,0
12/27/2021 6:00,12.97,,,0
12/27/2021 9:00,12.97,,,0
12/27/2021 12:00,12.96,,,0
12/27/2021 15:00,12.96,,,0
12/27/2021 18:00,12.96,,,0
12/28/2021 6:00,12.94,,,0
12/28/2021 9:00,12.94,,,0
12/28/2021 12:00,12.93,,,0
12/28/2021 15:00,12.93,,,0
12/28/2021 18:00,12.92,,,0
12/29/2021 6:00,12.91,,,0
12/29/2021 9:00,12.91,,,0
12/29/2021 12:00,12.91,,,0
12/29/2021 15:00,12.91,,,0
12/29/2021 18:00,12.91,,,0
12/30/2021 6:00,12.9,,,0
12/30/2021 9:00,12.9,,,0
12/30/2021 12:00,12.9,,,0
12/30/2021 15:00,12.89,,,0
12/30/2021 18:00,12.89,,,0
12/31/2021 6:00,12.87,,,0
12/31/2021 9:00,12.87,,,0
12/31/2021 12:00,12.86,,,0
12/31/2021 15:00,12.86,,,0
12/31/2021 18:00,12.85,,,0
